,0
Ditto,NewJeans
사건의 지평선,윤하 (YOUNHA)
Candy,NCT DREAM
Hype boy,NewJeans
NOT SORRY (Feat. pH-1) (Prod. by Slom),이영지
ANTIFRAGILE,LE SSERAFIM (르세라핌)
마이웨이 (MY WAY) (Prod. R.Tee),저스디스 (JUSTHIS)
After LIKE,IVE (아이브)
Attention,NewJeans
Nxde,(여자)아이들
사랑은 늘 도망가,임영웅
새삥 (Prod. ZICO) (Feat. 호미들),지코 (ZICO)
Dreamers [Music from the FIFA World Cup Qatar 2022 Official Soundtrack] (Feat. FIFA Sound),정국
우리들의 블루스,임영웅
Snowman,Sia
All I Want for Christmas Is You,Mariah Carey
다시 만날 수 있을까,임영웅
LOVE DIVE,IVE (아이브)
London Boy,임영웅
Graduation,NCT DREAM
Monologue,테이
무지개,임영웅
Polaroid,임영웅
이제 나만 믿어요,임영웅
아버지,임영웅
"눈 (EYE) (Feat. BIG Naughty, 저스디스 (JUSTHIS)) (Prod. R.Tee)",던말릭 (DON MALIK)
Santa Tell Me,Ariana Grande
Tangerine Love (Favorite),NCT DREAM
A bientot,임영웅
Shut Down,BLACKPINK
손이 참 곱던 그대,임영웅
Rush Hour (Feat. j-hope of BTS),Crush
발자국 (Walk With You),NCT DREAM
인생찬가,임영웅
사랑해 진짜,임영웅
문 (Moon),NCT DREAM
Pink Venom,BLACKPINK
연애편지,임영웅
잘가요,주호
입김 (Take My Breath),NCT DREAM
해요 (2022),#안녕
WHEN I MOVE,카라
너의 모든 순간,성시경
Cookie,NewJeans
미리 메리 크리스마스 (Feat. 천둥 Of MBLAQ),아이유
자격지심 (Feat. ZICO),BE'O (비오)
Last Christmas,Ariana Grande
사랑인가 봐,멜로망스
딱 10CM만,10CM
보금자리,임영웅
크리스마스니까,성시경
위하여 (We Higher) (Prod. GroovyRoom),그루비룸 (GroovyRoom)
TOMBOY,(여자)아이들
그대를 알고,송하예
그때 그 순간 그대로 (그그그),WSG워너비 (가야G)
첫 눈,EXO
내가 아니라도,주호
"나침반 (Feat. UNEDUCATED KID, 수퍼비 (SUPERBEE)) (Prod. R.Tee)",KHAN
그 겨울이 잠든 거리에서,경서예지
그라데이션,10CM
정이라고 하자 (Feat. 10CM),BIG Naughty (서동현)
오르골 (Life Is Still Going On),NCT DREAM
FEARLESS,LE SSERAFIM (르세라핌)
취중고백,김민석 (멜로망스)
ELEVEN,IVE (아이브)
나의 X에게,경서
우린 그렇게 사랑해서,강민경 (다비치)
다정히 내 이름을 부르면,경서예지
보고싶었어,WSG워너비(4FIRE)
JOY,NCT DREAM
Dynamite,방탄소년단
떠나보낼 준비해 둘걸 그랬어,임한별
That's Hilarious,Charlie Puth
"모든 날, 모든 순간 (Every day, Every Moment)",폴킴
Beatbox,NCT DREAM
Butter,방탄소년단
봄날,방탄소년단
WE (Feat. 박재범) (Prod. by Slom),이영지
I Don't Think That I Like Her,Charlie Puth
내 기쁨은 너가 벤틀리를 끄는 거야,김승민
LOVE me,BE'O (비오)
Make It To Christmas,Alessia Cara
첫사랑,백아
"Flick (Feat. BE'O (비오), 김하온 (HAON)) (Prod. GroovyRoom)",노윤하
밤하늘의 별을(2020),경서
흩어지지 않게,엠씨더맥스 (M.C the MAX)
으리으리 (Feat. 호미들),NSW yoon
새벽에 걸려온 너의 전화는,한동근
Yet To Come,방탄소년단
주저하는 연인들을 위해,잔나비
STAY,The Kid LAROI
Permission to Dance,방탄소년단
That That (prod. & feat. SUGA of BTS),싸이 (PSY)
봄여름가을겨울 (Still Life),BIGBANG (빅뱅)
Love story,볼빨간사춘기
들꽃놀이 (with 조유진),RM
FOREVER 1,소녀시대 (GIRLS' GENERATION)
눈이 오잖아(Feat.헤이즈),이무진
도깨비불 (Illusion),aespa
그중에 그대를 만나,김호중
